comment_year,comment_month,2005,2006,2007,2008,2009,2010,2011,2012,2013,2014,2015,2016,2017,2018,2019,2020,2021,2005_prop,2006_prop,2007_prop,2008_prop,2009_prop,2010_prop,2011_prop,2012_prop,2013_prop,2014_prop,2015_prop,2016_prop,2017_prop,2018_prop,2019_prop,2020_prop,2021_prop
2006,1,1009.0,302.0,0.0,0.0,0.0,0.0,0.0,0.0,0.0,0.0,0.0,0.0,0.0,0.0,0.0,0.0,0.0,0.7696414950419527,0.2303585049580473,0.0,0.0,0.0,0.0,0.0,0.0,0.0,0.0,0.0,0.0,0.0,0.0,0.0,0.0,0.0
2006,2,1191.0,737.0,0.0,0.0,0.0,0.0,0.0,0.0,0.0,0.0,0.0,0.0,0.0,0.0,0.0,0.0,0.0,0.6177385892116183,0.3822614107883817,0.0,0.0,0.0,0.0,0.0,0.0,0.0,0.0,0.0,0.0,0.0,0.0,0.0,0.0,0.0
2006,3,1015.0,981.0,0.0,0.0,0.0,0.0,0.0,0.0,0.0,0.0,0.0,0.0,0.0,0.0,0.0,0.0,0.0,0.5085170340681363,0.49148296593186375,0.0,0.0,0.0,0.0,0.0,0.0,0.0,0.0,0.0,0.0,0.0,0.0,0.0,0.0,0.0
2006,4,924.0,1064.0,0.0,0.0,0.0,0.0,0.0,0.0,0.0,0.0,0.0,0.0,0.0,0.0,0.0,0.0,0.0,0.4647887323943662,0.5352112676056338,0.0,0.0,0.0,0.0,0.0,0.0,0.0,0.0,0.0,0.0,0.0,0.0,0.0,0.0,0.0
2006,5,808.0,1264.0,0.0,0.0,0.0,0.0,0.0,0.0,0.0,0.0,0.0,0.0,0.0,0.0,0.0,0.0,0.0,0.38996138996138996,0.61003861003861,0.0,0.0,0.0,0.0,0.0,0.0,0.0,0.0,0.0,0.0,0.0,0.0,0.0,0.0,0.0
2006,6,714.0,1251.0,0.0,0.0,0.0,0.0,0.0,0.0,0.0,0.0,0.0,0.0,0.0,0.0,0.0,0.0,0.0,0.36335877862595417,0.6366412213740458,0.0,0.0,0.0,0.0,0.0,0.0,0.0,0.0,0.0,0.0,0.0,0.0,0.0,0.0,0.0
2006,7,574.0,1448.0,0.0,0.0,0.0,0.0,0.0,0.0,0.0,0.0,0.0,0.0,0.0,0.0,0.0,0.0,0.0,0.2838773491592483,0.7161226508407518,0.0,0.0,0.0,0.0,0.0,0.0,0.0,0.0,0.0,0.0,0.0,0.0,0.0,0.0,0.0
2006,8,440.0,1623.0,0.0,0.0,0.0,0.0,0.0,0.0,0.0,0.0,0.0,0.0,0.0,0.0,0.0,0.0,0.0,0.21328162869607367,0.7867183713039263,0.0,0.0,0.0,0.0,0.0,0.0,0.0,0.0,0.0,0.0,0.0,0.0,0.0,0.0,0.0
2006,9,414.0,1559.0,0.0,0.0,0.0,0.0,0.0,0.0,0.0,0.0,0.0,0.0,0.0,0.0,0.0,0.0,0.0,0.20983274201723265,0.7901672579827673,0.0,0.0,0.0,0.0,0.0,0.0,0.0,0.0,0.0,0.0,0.0,0.0,0.0,0.0,0.0
2006,10,421.0,1648.0,0.0,0.0,0.0,0.0,0.0,0.0,0.0,0.0,0.0,0.0,0.0,0.0,0.0,0.0,0.0,0.20347994200096664,0.7965200579990334,0.0,0.0,0.0,0.0,0.0,0.0,0.0,0.0,0.0,0.0,0.0,0.0,0.0,0.0,0.0
2006,11,336.0,1640.0,0.0,0.0,0.0,0.0,0.0,0.0,0.0,0.0,0.0,0.0,0.0,0.0,0.0,0.0,0.0,0.1700404858299595,0.8299595141700404,0.0,0.0,0.0,0.0,0.0,0.0,0.0,0.0,0.0,0.0,0.0,0.0,0.0,0.0,0.0
2006,12,326.0,1753.0,0.0,0.0,0.0,0.0,0.0,0.0,0.0,0.0,0.0,0.0,0.0,0.0,0.0,0.0,0.0,0.1568061568061568,0.8431938431938432,0.0,0.0,0.0,0.0,0.0,0.0,0.0,0.0,0.0,0.0,0.0,0.0,0.0,0.0,0.0
2007,1,280.0,1489.0,283.0,0.0,0.0,0.0,0.0,0.0,0.0,0.0,0.0,0.0,0.0,0.0,0.0,0.0,0.0,0.1364522417153996,0.7256335282651072,0.13791423001949318,0.0,0.0,0.0,0.0,0.0,0.0,0.0,0.0,0.0,0.0,0.0,0.0,0.0,0.0
2007,2,244.0,1135.0,442.0,0.0,0.0,0.0,0.0,0.0,0.0,0.0,0.0,0.0,0.0,0.0,0.0,0.0,0.0,0.13399231191652938,0.6232839099395936,0.242723778143877,0.0,0.0,0.0,0.0,0.0,0.0,0.0,0.0,0.0,0.0,0.0,0.0,0.0,0.0
2007,3,227.0,1170.0,625.0,0.0,0.0,0.0,0.0,0.0,0.0,0.0,0.0,0.0,0.0,0.0,0.0,0.0,0.0,0.11226508407517309,0.5786350148367952,0.30909990108803165,0.0,0.0,0.0,0.0,0.0,0.0,0.0,0.0,0.0,0.0,0.0,0.0,0.0,0.0
2007,4,214.0,1068.0,634.0,0.0,0.0,0.0,0.0,0.0,0.0,0.0,0.0,0.0,0.0,0.0,0.0,0.0,0.0,0.11169102296450939,0.55741127348643,0.33089770354906056,0.0,0.0,0.0,0.0,0.0,0.0,0.0,0.0,0.0,0.0,0.0,0.0,0.0,0.0
2007,5,192.0,915.0,779.0,0.0,0.0,0.0,0.0,0.0,0.0,0.0,0.0,0.0,0.0,0.0,0.0,0.0,0.0,0.10180275715800637,0.4851537645811241,0.41304347826086957,0.0,0.0,0.0,0.0,0.0,0.0,0.0,0.0,0.0,0.0,0.0,0.0,0.0,0.0
2007,6,166.0,897.0,816.0,0.0,0.0,0.0,0.0,0.0,0.0,0.0,0.0,0.0,0.0,0.0,0.0,0.0,0.0,0.0883448642895157,0.4773815859499734,0.4342735497605109,0.0,0.0,0.0,0.0,0.0,0.0,0.0,0.0,0.0,0.0,0.0,0.0,0.0,0.0
2007,7,170.0,784.0,975.0,0.0,0.0,0.0,0.0,0.0,0.0,0.0,0.0,0.0,0.0,0.0,0.0,0.0,0.0,0.08812856402280975,0.4064282011404873,0.505443234836703,0.0,0.0,0.0,0.0,0.0,0.0,0.0,0.0,0.0,0.0,0.0,0.0,0.0,0.0
2007,8,101.0,638.0,813.0,0.0,0.0,0.0,0.0,0.0,0.0,0.0,0.0,0.0,0.0,0.0,0.0,0.0,0.0,0.06507731958762887,0.4110824742268041,0.523840206185567,0.0,0.0,0.0,0.0,0.0,0.0,0.0,0.0,0.0,0.0,0.0,0.0,0.0,0.0
2007,9,100.0,591.0,1004.0,0.0,0.0,0.0,0.0,0.0,0.0,0.0,0.0,0.0,0.0,0.0,0.0,0.0,0.0,0.058997050147492625,0.3486725663716814,0.592330383480826,0.0,0.0,0.0,0.0,0.0,0.0,0.0,0.0,0.0,0.0,0.0,0.0,0.0,0.0
2007,10,112.0,664.0,1123.0,0.0,0.0,0.0,0.0,0.0,0.0,0.0,0.0,0.0,0.0,0.0,0.0,0.0,0.0,0.05897840968931016,0.34965771458662454,0.5913638757240653,0.0,0.0,0.0,0.0,0.0,0.0,0.0,0.0,0.0,0.0,0.0,0.0,0.0,0.0
2007,11,88.0,633.0,1078.0,0.0,0.0,0.0,0.0,0.0,0.0,0.0,0.0,0.0,0.0,0.0,0.0,0.0,0.0,0.048916064480266815,0.35186214563646473,0.5992217898832685,0.0,0.0,0.0,0.0,0.0,0.0,0.0,0.0,0.0,0.0,0.0,0.0,0.0,0.0
2007,12,99.0,587.0,1314.0,0.0,0.0,0.0,0.0,0.0,0.0,0.0,0.0,0.0,0.0,0.0,0.0,0.0,0.0,0.0495,0.2935,0.657,0.0,0.0,0.0,0.0,0.0,0.0,0.0,0.0,0.0,0.0,0.0,0.0,0.0,0.0
2008,1,81.0,595.0,1132.0,156.0,0.0,0.0,0.0,0.0,0.0,0.0,0.0,0.0,0.0,0.0,0.0,0.0,0.0,0.04124236252545825,0.3029531568228106,0.5763747454175153,0.07942973523421588,0.0,0.0,0.0,0.0,0.0,0.0,0.0,0.0,0.0,0.0,0.0,0.0,0.0
2008,2,57.0,476.0,1053.0,228.0,0.0,0.0,0.0,0.0,0.0,0.0,0.0,0.0,0.0,0.0,0.0,0.0,0.0,0.031422271223814774,0.2624035281146637,0.5804851157662624,0.1256890848952591,0.0,0.0,0.0,0.0,0.0,0.0,0.0,0.0,0.0,0.0,0.0,0.0,0.0
2008,3,61.0,493.0,958.0,335.0,0.0,0.0,0.0,0.0,0.0,0.0,0.0,0.0,0.0,0.0,0.0,0.0,0.0,0.03302652950730915,0.2669193286410395,0.5186789388197076,0.18137520303194368,0.0,0.0,0.0,0.0,0.0,0.0,0.0,0.0,0.0,0.0,0.0,0.0,0.0
2008,4,57.0,411.0,907.0,385.0,0.0,0.0,0.0,0.0,0.0,0.0,0.0,0.0,0.0,0.0,0.0,0.0,0.0,0.03238636363636364,0.23352272727272727,0.5153409090909091,0.21875,0.0,0.0,0.0,0.0,0.0,0.0,0.0,0.0,0.0,0.0,0.0,0.0,0.0
2008,5,55.0,399.0,933.0,523.0,0.0,0.0,0.0,0.0,0.0,0.0,0.0,0.0,0.0,0.0,0.0,0.0,0.0,0.028795811518324606,0.2089005235602094,0.4884816753926702,0.27382198952879583,0.0,0.0,0.0,0.0,0.0,0.0,0.0,0.0,0.0,0.0,0.0,0.0,0.0
2008,6,47.0,385.0,837.0,535.0,0.0,0.0,0.0,0.0,0.0,0.0,0.0,0.0,0.0,0.0,0.0,0.0,0.0,0.026053215077605323,0.21341463414634146,0.4639689578713969,0.2965631929046563,0.0,0.0,0.0,0.0,0.0,0.0,0.0,0.0,0.0,0.0,0.0,0.0,0.0
2008,7,51.0,330.0,799.0,591.0,0.0,0.0,0.0,0.0,0.0,0.0,0.0,0.0,0.0,0.0,0.0,0.0,0.0,0.028797289666854884,0.18633540372670807,0.45115753811405984,0.3337097684923772,0.0,0.0,0.0,0.0,0.0,0.0,0.0,0.0,0.0,0.0,0.0,0.0,0.0
2008,8,32.0,327.0,782.0,641.0,0.0,0.0,0.0,0.0,0.0,0.0,0.0,0.0,0.0,0.0,0.0,0.0,0.0,0.017957351290684626,0.1835016835016835,0.4388327721661055,0.35970819304152635,0.0,0.0,0.0,0.0,0.0,0.0,0.0,0.0,0.0,0.0,0.0,0.0,0.0
2008,9,39.0,369.0,685.0,691.0,0.0,0.0,0.0,0.0,0.0,0.0,0.0,0.0,0.0,0.0,0.0,0.0,0.0,0.021860986547085202,0.2068385650224215,0.3839686098654709,0.3873318385650224,0.0,0.0,0.0,0.0,0.0,0.0,0.0,0.0,0.0,0.0,0.0,0.0,0.0
2008,10,48.0,317.0,665.0,790.0,0.0,0.0,0.0,0.0,0.0,0.0,0.0,0.0,0.0,0.0,0.0,0.0,0.0,0.026373626373626374,0.17417582417582417,0.36538461538461536,0.4340659340659341,0.0,0.0,0.0,0.0,0.0,0.0,0.0,0.0,0.0,0.0,0.0,0.0,0.0
2008,11,31.0,297.0,636.0,783.0,0.0,0.0,0.0,0.0,0.0,0.0,0.0,0.0,0.0,0.0,0.0,0.0,0.0,0.017744705208929592,0.1700057240984545,0.3640526617057813,0.44819690898683456,0.0,0.0,0.0,0.0,0.0,0.0,0.0,0.0,0.0,0.0,0.0,0.0,0.0
2008,12,36.0,272.0,573.0,873.0,0.0,0.0,0.0,0.0,0.0,0.0,0.0,0.0,0.0,0.0,0.0,0.0,0.0,0.020524515393386546,0.15507411630558723,0.32668187001140253,0.4977194982896237,0.0,0.0,0.0,0.0,0.0,0.0,0.0,0.0,0.0,0.0,0.0,0.0,0.0
2009,1,29.0,244.0,562.0,825.0,82.0,0.0,0.0,0.0,0.0,0.0,0.0,0.0,0.0,0.0,0.0,0.0,0.0,0.016647531572904706,0.14006888633754305,0.32261768082663606,0.473593570608496,0.04707233065442021,0.0,0.0,0.0,0.0,0.0,0.0,0.0,0.0,0.0,0.0,0.0,0.0
2009,2,26.0,198.0,472.0,761.0,170.0,0.0,0.0,0.0,0.0,0.0,0.0,0.0,0.0,0.0,0.0,0.0,0.0,0.015980331899200985,0.12169637369391519,0.2901044867854948,0.4677320221266134,0.10448678549477566,0.0,0.0,0.0,0.0,0.0,0.0,0.0,0.0,0.0,0.0,0.0,0.0
2009,3,22.0,237.0,500.0,832.0,265.0,0.0,0.0,0.0,0.0,0.0,0.0,0.0,0.0,0.0,0.0,0.0,0.0,0.011853448275862068,0.12769396551724138,0.26939655172413796,0.4482758620689655,0.1427801724137931,0.0,0.0,0.0,0.0,0.0,0.0,0.0,0.0,0.0,0.0,0.0,0.0
2009,4,29.0,207.0,493.0,770.0,331.0,0.0,0.0,0.0,0.0,0.0,0.0,0.0,0.0,0.0,0.0,0.0,0.0,0.015846994535519125,0.11311475409836065,0.26939890710382514,0.4207650273224044,0.1808743169398907,0.0,0.0,0.0,0.0,0.0,0.0,0.0,0.0,0.0,0.0,0.0,0.0
2009,5,23.0,199.0,456.0,731.0,437.0,0.0,0.0,0.0,0.0,0.0,0.0,0.0,0.0,0.0,0.0,0.0,0.0,0.012459371614301192,0.10780065005417118,0.24702058504875407,0.3959913326110509,0.23672806067172264,0.0,0.0,0.0,0.0,0.0,0.0,0.0,0.0,0.0,0.0,0.0,0.0
2009,6,26.0,182.0,453.0,675.0,553.0,0.0,0.0,0.0,0.0,0.0,0.0,0.0,0.0,0.0,0.0,0.0,0.0,0.013763896241397565,0.09634727368978295,0.23980942297511912,0.35733192165166755,0.29274748544203283,0.0,0.0,0.0,0.0,0.0,0.0,0.0,0.0,0.0,0.0,0.0,0.0
2009,7,24.0,178.0,443.0,666.0,591.0,0.0,0.0,0.0,0.0,0.0,0.0,0.0,0.0,0.0,0.0,0.0,0.0,0.012618296529968454,0.0935856992639327,0.23291272344900105,0.3501577287066246,0.3107255520504732,0.0,0.0,0.0,0.0,0.0,0.0,0.0,0.0,0.0,0.0,0.0,0.0
2009,8,20.0,160.0,408.0,631.0,719.0,0.0,0.0,0.0,0.0,0.0,0.0,0.0,0.0,0.0,0.0,0.0,0.0,0.010319917440660475,0.0825593395252838,0.21052631578947367,0.325593395252838,0.37100103199174406,0.0,0.0,0.0,0.0,0.0,0.0,0.0,0.0,0.0,0.0,0.0,0.0
2009,9,16.0,169.0,321.0,566.0,871.0,0.0,0.0,0.0,0.0,0.0,0.0,0.0,0.0,0.0,0.0,0.0,0.0,0.008234688625836336,0.08697889861039629,0.1652084405558415,0.29130211013896035,0.4482758620689655,0.0,0.0,0.0,0.0,0.0,0.0,0.0,0.0,0.0,0.0,0.0,0.0
2009,10,12.0,128.0,321.0,576.0,1021.0,0.0,0.0,0.0,0.0,0.0,0.0,0.0,0.0,0.0,0.0,0.0,0.0,0.0058309037900874635,0.062196307094266275,0.15597667638483964,0.27988338192419826,0.49611273080660834,0.0,0.0,0.0,0.0,0.0,0.0,0.0,0.0,0.0,0.0,0.0,0.0
2009,11,9.0,130.0,319.0,550.0,1039.0,0.0,0.0,0.0,0.0,0.0,0.0,0.0,0.0,0.0,0.0,0.0,0.0,0.004396678065461651,0.0635075720566683,0.15583781143136297,0.268685881778212,0.5075720566682951,0.0,0.0,0.0,0.0,0.0,0.0,0.0,0.0,0.0,0.0,0.0,0.0
2009,12,17.0,118.0,302.0,484.0,1081.0,0.0,0.0,0.0,0.0,0.0,0.0,0.0,0.0,0.0,0.0,0.0,0.0,0.008491508491508492,0.058941058941058944,0.15084915084915085,0.24175824175824176,0.5399600399600399,0.0,0.0,0.0,0.0,0.0,0.0,0.0,0.0,0.0,0.0,0.0,0.0
2010,1,13.0,117.0,280.0,482.0,1037.0,162.0,0.0,0.0,0.0,0.0,0.0,0.0,0.0,0.0,0.0,0.0,0.0,0.006217120994739359,0.05595408895265423,0.13390722142515543,0.2305117168818747,0.4959349593495935,0.07747489239598278,0.0,0.0,0.0,0.0,0.0,0.0,0.0,0.0,0.0,0.0,0.0
2010,2,7.0,107.0,250.0,386.0,915.0,270.0,0.0,0.0,0.0,0.0,0.0,0.0,0.0,0.0,0.0,0.0,0.0,0.0036175710594315244,0.05529715762273902,0.12919896640826872,0.19948320413436693,0.4728682170542636,0.13953488372093023,0.0,0.0,0.0,0.0,0.0,0.0,0.0,0.0,0.0,0.0,0.0
2010,3,12.0,108.0,270.0,420.0,910.0,348.0,0.0,0.0,0.0,0.0,0.0,0.0,0.0,0.0,0.0,0.0,0.0,0.005802707930367505,0.05222437137330754,0.13056092843326886,0.20309477756286268,0.4400386847195358,0.16827852998065765,0.0,0.0,0.0,0.0,0.0,0.0,0.0,0.0,0.0,0.0,0.0
2010,4,15.0,105.0,226.0,381.0,841.0,428.0,0.0,0.0,0.0,0.0,0.0,0.0,0.0,0.0,0.0,0.0,0.0,0.00751503006012024,0.05260521042084168,0.11322645290581163,0.1908817635270541,0.4213426853707415,0.21442885771543085,0.0,0.0,0.0,0.0,0.0,0.0,0.0,0.0,0.0,0.0,0.0
2010,5,11.0,94.0,228.0,382.0,801.0,558.0,0.0,0.0,0.0,0.0,0.0,0.0,0.0,0.0,0.0,0.0,0.0,0.005303760848601736,0.04532304725168756,0.10993249758919961,0.18418514946962392,0.3862102217936355,0.2690453230472517,0.0,0.0,0.0,0.0,0.0,0.0,0.0,0.0,0.0,0.0,0.0
2010,6,6.0,87.0,212.0,367.0,743.0,627.0,0.0,0.0,0.0,0.0,0.0,0.0,0.0,0.0,0.0,0.0,0.0,0.002938295788442703,0.042605288932419196,0.10381978452497552,0.17972575905974536,0.36385896180215477,0.3070519098922625,0.0,0.0,0.0,0.0,0.0,0.0,0.0,0.0,0.0,0.0,0.0
2010,7,9.0,71.0,211.0,366.0,707.0,763.0,0.0,0.0,0.0,0.0,0.0,0.0,0.0,0.0,0.0,0.0,0.0,0.004231311706629055,0.03338034790785143,0.09920075223319229,0.17207334273624825,0.3323930418429713,0.35872120357310766,0.0,0.0,0.0,0.0,0.0,0.0,0.0,0.0,0.0,0.0,0.0
2010,8,8.0,81.0,202.0,306.0,687.0,840.0,0.0,0.0,0.0,0.0,0.0,0.0,0.0,0.0,0.0,0.0,0.0,0.003766478342749529,0.038135593220338986,0.0951035781544256,0.1440677966101695,0.3234463276836158,0.3954802259887006,0.0,0.0,0.0,0.0,0.0,0.0,0.0,0.0,0.0,0.0,0.0
2010,9,11.0,51.0,154.0,309.0,578.0,921.0,0.0,0.0,0.0,0.0,0.0,0.0,0.0,0.0,0.0,0.0,0.0,0.005434782608695652,0.025197628458498024,0.07608695652173914,0.15266798418972333,0.2855731225296443,0.4550395256916996,0.0,0.0,0.0,0.0,0.0,0.0,0.0,0.0,0.0,0.0,0.0
2010,10,7.0,71.0,150.0,287.0,558.0,1061.0,0.0,0.0,0.0,0.0,0.0,0.0,0.0,0.0,0.0,0.0,0.0,0.0032802249297094657,0.03327085285848173,0.07029053420805999,0.1344892221180881,0.2614807872539831,0.4971883786316776,0.0,0.0,0.0,0.0,0.0,0.0,0.0,0.0,0.0,0.0,0.0
2010,11,5.0,62.0,140.0,246.0,506.0,1108.0,0.0,0.0,0.0,0.0,0.0,0.0,0.0,0.0,0.0,0.0,0.0,0.0024189646831156266,0.02999516207063377,0.06773101112723755,0.11901306240928883,0.2447992259313014,0.5360425737784228,0.0,0.0,0.0,0.0,0.0,0.0,0.0,0.0,0.0,0.0,0.0
2010,12,6.0,68.0,112.0,246.0,490.0,1225.0,0.0,0.0,0.0,0.0,0.0,0.0,0.0,0.0,0.0,0.0,0.0,0.0027945971122496508,0.031672100605496044,0.05216581276199348,0.11457848160223567,0.22822543083372146,0.5705635770843037,0.0,0.0,0.0,0.0,0.0,0.0,0.0,0.0,0.0,0.0,0.0
2011,1,5.0,56.0,124.0,230.0,418.0,1185.0,150.0,0.0,0.0,0.0,0.0,0.0,0.0,0.0,0.0,0.0,0.0,0.0023062730627306273,0.025830258302583026,0.05719557195571956,0.10608856088560886,0.19280442804428044,0.5465867158671587,0.06918819188191883,0.0,0.0,0.0,0.0,0.0,0.0,0.0,0.0,0.0,0.0
2011,2,3.0,50.0,110.0,184.0,388.0,944.0,250.0,0.0,0.0,0.0,0.0,0.0,0.0,0.0,0.0,0.0,0.0,0.0015552099533437014,0.02592016588906169,0.05702436495593572,0.09538621047174702,0.2011404872991187,0.4893727319854847,0.12960082944530846,0.0,0.0,0.0,0.0,0.0,0.0,0.0,0.0,0.0,0.0
2011,3,9.0,47.0,97.0,232.0,376.0,946.0,453.0,0.0,0.0,0.0,0.0,0.0,0.0,0.0,0.0,0.0,0.0,0.004166666666666667,0.02175925925925926,0.04490740740740741,0.10740740740740741,0.17407407407407408,0.43796296296296294,0.20972222222222223,0.0,0.0,0.0,0.0,0.0,0.0,0.0,0.0,0.0,0.0
2011,4,4.0,44.0,106.0,160.0,354.0,868.0,562.0,0.0,0.0,0.0,0.0,0.0,0.0,0.0,0.0,0.0,0.0,0.0019065776930409914,0.020972354623450904,0.05052430886558627,0.07626310772163966,0.16873212583412775,0.41372735938989513,0.2678741658722593,0.0,0.0,0.0,0.0,0.0,0.0,0.0,0.0,0.0,0.0
2011,5,7.0,38.0,100.0,178.0,323.0,798.0,746.0,0.0,0.0,0.0,0.0,0.0,0.0,0.0,0.0,0.0,0.0,0.0031963470319634705,0.017351598173515982,0.045662100456621,0.08127853881278539,0.14748858447488583,0.3643835616438356,0.3406392694063927,0.0,0.0,0.0,0.0,0.0,0.0,0.0,0.0,0.0,0.0
2011,6,4.0,37.0,78.0,136.0,281.0,784.0,806.0,0.0,0.0,0.0,0.0,0.0,0.0,0.0,0.0,0.0,0.0,0.0018814675446848542,0.017403574788334902,0.036688617121354655,0.06396989651928504,0.132173095014111,0.36876763875823143,0.3791157102539981,0.0,0.0,0.0,0.0,0.0,0.0,0.0,0.0,0.0,0.0
2011,7,3.0,36.0,86.0,139.0,280.0,705.0,927.0,0.0,0.0,0.0,0.0,0.0,0.0,0.0,0.0,0.0,0.0,0.0013786764705882354,0.016544117647058824,0.03952205882352941,0.06387867647058823,0.12867647058823528,0.3239889705882353,0.4260110294117647,0.0,0.0,0.0,0.0,0.0,0.0,0.0,0.0,0.0,0.0
2011,8,2.0,30.0,59.0,136.0,234.0,683.0,1058.0,0.0,0.0,0.0,0.0,0.0,0.0,0.0,0.0,0.0,0.0,0.0009082652134423251,0.013623978201634877,0.026793823796548592,0.061762034514078114,0.10626702997275204,0.310172570390554,0.48047229791099,0.0,0.0,0.0,0.0,0.0,0.0,0.0,0.0,0.0,0.0
2011,9,5.0,25.0,85.0,135.0,218.0,574.0,1084.0,0.0,0.0,0.0,0.0,0.0,0.0,0.0,0.0,0.0,0.0,0.0023518344308560675,0.011759172154280339,0.03998118532455315,0.06349952963311382,0.10253998118532455,0.2699905926622766,0.5098777046095955,0.0,0.0,0.0,0.0,0.0,0.0,0.0,0.0,0.0,0.0
2011,10,4.0,24.0,74.0,111.0,188.0,548.0,1225.0,0.0,0.0,0.0,0.0,0.0,0.0,0.0,0.0,0.0,0.0,0.0018399264029438822,0.011039558417663294,0.03403863845446182,0.05105795768169273,0.08647654093836246,0.25206991720331184,0.5634774609015639,0.0,0.0,0.0,0.0,0.0,0.0,0.0,0.0,0.0,0.0
2011,11,2.0,24.0,61.0,112.0,195.0,484.0,1271.0,0.0,0.0,0.0,0.0,0.0,0.0,0.0,0.0,0.0,0.0,0.0009306654257794323,0.011167985109353188,0.028385295486272687,0.05211726384364821,0.09073987901349465,0.22522103303862262,0.5914378780828292,0.0,0.0,0.0,0.0,0.0,0.0,0.0,0.0,0.0,0.0
2011,12,4.0,17.0,53.0,96.0,175.0,479.0,1345.0,0.0,0.0,0.0,0.0,0.0,0.0,0.0,0.0,0.0,0.0,0.0018441678192715537,0.007837713231904103,0.024435223605348087,0.04426002766251729,0.08068234209313048,0.22083909635776855,0.62010142923006,0.0,0.0,0.0,0.0,0.0,0.0,0.0,0.0,0.0,0.0
2012,1,2.0,18.0,66.0,98.0,171.0,434.0,1216.0,151.0,0.0,0.0,0.0,0.0,0.0,0.0,0.0,0.0,0.0,0.0009276437847866419,0.008348794063079777,0.030612244897959183,0.045454545454545456,0.07931354359925788,0.2012987012987013,0.5640074211502782,0.07003710575139147,0.0,0.0,0.0,0.0,0.0,0.0,0.0,0.0,0.0
2012,2,1.0,15.0,47.0,69.0,166.0,369.0,1094.0,276.0,0.0,0.0,0.0,0.0,0.0,0.0,0.0,0.0,0.0,0.0004909180166912126,0.007363770250368188,0.023073146784486992,0.033873343151693665,0.08149239077074129,0.18114874815905743,0.5370643102601865,0.13549337260677466,0.0,0.0,0.0,0.0,0.0,0.0,0.0,0.0,0.0
2012,3,5.0,23.0,35.0,100.0,149.0,360.0,1095.0,443.0,0.0,0.0,0.0,0.0,0.0,0.0,0.0,0.0,0.0,0.0022624434389140274,0.010407239819004524,0.01583710407239819,0.04524886877828054,0.067420814479638,0.16289592760180996,0.49547511312217196,0.20045248868778281,0.0,0.0,0.0,0.0,0.0,0.0,0.0,0.0,0.0
2012,4,0.0,22.0,35.0,76.0,124.0,309.0,999.0,523.0,0.0,0.0,0.0,0.0,0.0,0.0,0.0,0.0,0.0,0.0,0.01053639846743295,0.016762452107279693,0.03639846743295019,0.05938697318007663,0.14798850574712644,0.47844827586206895,0.25047892720306514,0.0,0.0,0.0,0.0,0.0,0.0,0.0,0.0,0.0
2012,5,0.0,16.0,59.0,91.0,124.0,311.0,968.0,679.0,0.0,0.0,0.0,0.0,0.0,0.0,0.0,0.0,0.0,0.0,0.0071174377224199285,0.026245551601423486,0.04048042704626335,0.05516014234875445,0.13834519572953738,0.4306049822064057,0.30204626334519574,0.0,0.0,0.0,0.0,0.0,0.0,0.0,0.0,0.0
2012,6,1.0,14.0,28.0,50.0,123.0,294.0,847.0,773.0,0.0,0.0,0.0,0.0,0.0,0.0,0.0,0.0,0.0,0.00046948356807511736,0.006572769953051643,0.013145539906103286,0.023474178403755867,0.057746478873239436,0.13802816901408452,0.3976525821596244,0.3629107981220657,0.0,0.0,0.0,0.0,0.0,0.0,0.0,0.0,0.0
2012,7,2.0,17.0,31.0,65.0,105.0,273.0,856.0,867.0,0.0,0.0,0.0,0.0,0.0,0.0,0.0,0.0,0.0,0.0009025270758122744,0.007671480144404332,0.013989169675090252,0.029332129963898917,0.047382671480144405,0.12319494584837545,0.3862815884476534,0.39124548736462095,0.0,0.0,0.0,0.0,0.0,0.0,0.0,0.0,0.0
2012,8,2.0,12.0,32.0,56.0,96.0,270.0,803.0,979.0,0.0,0.0,0.0,0.0,0.0,0.0,0.0,0.0,0.0,0.0008888888888888889,0.005333333333333333,0.014222222222222223,0.024888888888888887,0.042666666666666665,0.12,0.35688888888888887,0.4351111111111111,0.0,0.0,0.0,0.0,0.0,0.0,0.0,0.0,0.0
2012,9,1.0,16.0,24.0,50.0,98.0,271.0,742.0,950.0,0.0,0.0,0.0,0.0,0.0,0.0,0.0,0.0,0.0,0.00046468401486988845,0.007434944237918215,0.011152416356877323,0.023234200743494422,0.04553903345724907,0.12592936802973978,0.3447955390334573,0.44144981412639406,0.0,0.0,0.0,0.0,0.0,0.0,0.0,0.0,0.0
2012,10,3.0,11.0,30.0,49.0,104.0,273.0,677.0,1058.0,0.0,0.0,0.0,0.0,0.0,0.0,0.0,0.0,0.0,0.0013605442176870747,0.004988662131519274,0.013605442176870748,0.022222222222222223,0.047165532879818596,0.12380952380952381,0.3070294784580499,0.4798185941043084,0.0,0.0,0.0,0.0,0.0,0.0,0.0,0.0,0.0
2012,11,1.0,13.0,25.0,54.0,108.0,249.0,661.0,1020.0,0.0,0.0,0.0,0.0,0.0,0.0,0.0,0.0,0.0,0.0004692632566870014,0.006100422336931018,0.011731581417175035,0.025340215861098078,0.050680431722196155,0.11684655091506335,0.31018301267010795,0.4786485218207414,0.0,0.0,0.0,0.0,0.0,0.0,0.0,0.0,0.0
2012,12,3.0,10.0,31.0,54.0,77.0,236.0,623.0,1093.0,0.0,0.0,0.0,0.0,0.0,0.0,0.0,0.0,0.0,0.0014104372355430183,0.004701457451810061,0.01457451810061119,0.02538787023977433,0.03620122237893747,0.11095439586271744,0.2929007992477668,0.5138692994828397,0.0,0.0,0.0,0.0,0.0,0.0,0.0,0.0,0.0
2013,1,1.0,14.0,22.0,39.0,84.0,228.0,652.0,1085.0,135.0,0.0,0.0,0.0,0.0,0.0,0.0,0.0,0.0,0.0004424778761061947,0.006194690265486726,0.009734513274336283,0.017256637168141593,0.03716814159292035,0.10088495575221239,0.2884955752212389,0.48008849557522126,0.059734513274336286,0.0,0.0,0.0,0.0,0.0,0.0,0.0,0.0
2013,2,1.0,11.0,22.0,34.0,73.0,177.0,559.0,922.0,207.0,0.0,0.0,0.0,0.0,0.0,0.0,0.0,0.0,0.0004985044865403788,0.005483549351944167,0.010967098703888335,0.01694915254237288,0.036390827517447655,0.08823529411764706,0.27866400797607177,0.4596211365902293,0.10319042871385843,0.0,0.0,0.0,0.0,0.0,0.0,0.0,0.0
2013,3,1.0,15.0,22.0,33.0,75.0,218.0,616.0,973.0,284.0,0.0,0.0,0.0,0.0,0.0,0.0,0.0,0.0,0.0004470272686633885,0.006705409029950827,0.009834599910594547,0.014751899865891819,0.03352704514975414,0.09745194456861869,0.2753687974966473,0.434957532409477,0.12695574430040232,0.0,0.0,0.0,0.0,0.0,0.0,0.0,0.0
2013,4,1.0,8.0,17.0,38.0,80.0,182.0,521.0,905.0,377.0,0.0,0.0,0.0,0.0,0.0,0.0,0.0,0.0,0.0004697040864255519,0.0037576326914044154,0.007984969469234382,0.017848755284170972,0.03757632691404415,0.08548614372945045,0.24471582902771255,0.4250821982151245,0.17707844058243308,0.0,0.0,0.0,0.0,0.0,0.0,0.0,0.0
2013,5,1.0,14.0,28.0,36.0,57.0,180.0,532.0,922.0,451.0,0.0,0.0,0.0,0.0,0.0,0.0,0.0,0.0,0.00045024763619990995,0.006303466906798739,0.012606933813597478,0.01620891490319676,0.025664115263394866,0.08104457451598379,0.2395317424583521,0.415128320576317,0.2030616839261594,0.0,0.0,0.0,0.0,0.0,0.0,0.0,0.0
2013,6,0.0,5.0,22.0,36.0,65.0,195.0,513.0,833.0,500.0,0.0,0.0,0.0,0.0,0.0,0.0,0.0,0.0,0.0,0.002305209774089442,0.010142923005993546,0.016597510373443983,0.02996772706316275,0.08990318118948824,0.23651452282157676,0.3840479483633011,0.23052097740894423,0.0,0.0,0.0,0.0,0.0,0.0,0.0,0.0
2013,7,0.0,12.0,24.0,36.0,66.0,172.0,506.0,863.0,607.0,0.0,0.0,0.0,0.0,0.0,0.0,0.0,0.0,0.0,0.005249343832020997,0.010498687664041995,0.015748031496062992,0.028871391076115485,0.0752405949256343,0.22134733158355205,0.3775153105861767,0.2655293088363955,0.0,0.0,0.0,0.0,0.0,0.0,0.0,0.0
2013,8,0.0,9.0,17.0,29.0,68.0,156.0,455.0,714.0,643.0,0.0,0.0,0.0,0.0,0.0,0.0,0.0,0.0,0.0,0.00430416068866571,0.008130081300813009,0.013868962219033954,0.032520325203252036,0.0746054519368723,0.21759923481587756,0.34146341463414637,0.30750836920133906,0.0,0.0,0.0,0.0,0.0,0.0,0.0,0.0
2013,9,1.0,10.0,20.0,28.0,67.0,155.0,425.0,755.0,693.0,0.0,0.0,0.0,0.0,0.0,0.0,0.0,0.0,0.00046425255338904364,0.004642525533890436,0.009285051067780872,0.012999071494893221,0.031104921077065924,0.07195914577530177,0.19730733519034355,0.35051067780872797,0.32172701949860727,0.0,0.0,0.0,0.0,0.0,0.0,0.0,0.0
2013,10,1.0,12.0,22.0,16.0,58.0,145.0,398.0,687.0,741.0,0.0,0.0,0.0,0.0,0.0,0.0,0.0,0.0,0.0004807692307692308,0.0057692307692307696,0.010576923076923078,0.007692307692307693,0.027884615384615386,0.06971153846153846,0.19134615384615383,0.33028846153846153,0.35625,0.0,0.0,0.0,0.0,0.0,0.0,0.0,0.0
2013,11,0.0,18.0,20.0,36.0,60.0,149.0,379.0,725.0,824.0,0.0,0.0,0.0,0.0,0.0,0.0,0.0,0.0,0.0,0.008141112618724558,0.009045680687471733,0.016282225237449117,0.027137042062415198,0.0673903211216644,0.17141564902758932,0.3279059249208503,0.3726820443238354,0.0,0.0,0.0,0.0,0.0,0.0,0.0,0.0
2013,12,0.0,4.0,11.0,31.0,48.0,126.0,384.0,694.0,880.0,0.0,0.0,0.0,0.0,0.0,0.0,0.0,0.0,0.0,0.0018365472910927456,0.005050505050505051,0.014233241505968778,0.02203856749311295,0.05785123966942149,0.1763085399449036,0.3186409550045914,0.40404040404040403,0.0,0.0,0.0,0.0,0.0,0.0,0.0,0.0
2014,1,0.0,11.0,27.0,27.0,60.0,147.0,385.0,677.0,851.0,115.0,0.0,0.0,0.0,0.0,0.0,0.0,0.0,0.0,0.004782608695652174,0.011739130434782608,0.011739130434782608,0.02608695652173913,0.06391304347826086,0.1673913043478261,0.29434782608695653,0.37,0.05,0.0,0.0,0.0,0.0,0.0,0.0,0.0
2014,2,1.0,12.0,22.0,20.0,50.0,144.0,325.0,578.0,724.0,192.0,0.0,0.0,0.0,0.0,0.0,0.0,0.0,0.00048355899419729207,0.005802707930367505,0.010638297872340425,0.009671179883945842,0.024177949709864602,0.06963249516441006,0.15715667311411993,0.27949709864603484,0.35009671179883944,0.09284332688588008,0.0,0.0,0.0,0.0,0.0,0.0,0.0
2014,3,2.0,8.0,17.0,33.0,43.0,131.0,361.0,604.0,726.0,284.0,0.0,0.0,0.0,0.0,0.0,0.0,0.0,0.0009053870529651426,0.0036215482118605704,0.007695789950203712,0.014938886373924853,0.019465821638750568,0.05930285196921684,0.16342236306020824,0.27342688999547304,0.32865550022634676,0.12856496152105024,0.0,0.0,0.0,0.0,0.0,0.0,0.0
2014,4,0.0,7.0,23.0,17.0,54.0,118.0,314.0,564.0,628.0,323.0,0.0,0.0,0.0,0.0,0.0,0.0,0.0,0.0,0.00341796875,0.01123046875,0.00830078125,0.0263671875,0.0576171875,0.1533203125,0.275390625,0.306640625,0.15771484375,0.0,0.0,0.0,0.0,0.0,0.0,0.0
2014,5,1.0,6.0,15.0,26.0,46.0,116.0,362.0,630.0,678.0,412.0,0.0,0.0,0.0,0.0,0.0,0.0,0.0,0.0004363001745200698,0.002617801047120419,0.006544502617801047,0.011343804537521814,0.02006980802792321,0.0506108202443281,0.15794066317626526,0.27486910994764396,0.29581151832460734,0.17975567190226877,0.0,0.0,0.0,0.0,0.0,0.0,0.0
2014,6,0.0,6.0,11.0,30.0,41.0,128.0,338.0,553.0,647.0,427.0,0.0,0.0,0.0,0.0,0.0,0.0,0.0,0.0,0.002751031636863824,0.0050435580009170105,0.013755158184319119,0.01879871618523613,0.058688674919761576,0.15497478220999542,0.2535534158642824,0.29665291150848233,0.19578175149014213,0.0,0.0,0.0,0.0,0.0,0.0,0.0
2014,7,1.0,6.0,15.0,21.0,34.0,97.0,305.0,550.0,625.0,520.0,0.0,0.0,0.0,0.0,0.0,0.0,0.0,0.00045998160073597056,0.0027598896044158236,0.0068997240110395585,0.009659613615455382,0.015639374425023,0.04461821527138914,0.14029438822447102,0.2529898804047838,0.2874885004599816,0.23919043238270468,0.0,0.0,0.0,0.0,0.0,0.0,0.0
2014,8,0.0,6.0,10.0,22.0,30.0,90.0,261.0,492.0,552.0,518.0,0.0,0.0,0.0,0.0,0.0,0.0,0.0,0.0,0.003028773346794548,0.005047955577990914,0.01110550227158001,0.01514386673397274,0.04543160020191822,0.13175164058556285,0.24835941443715295,0.2786471479050984,0.26148409893992935,0.0,0.0,0.0,0.0,0.0,0.0,0.0
2014,9,1.0,3.0,9.0,26.0,34.0,119.0,305.0,526.0,615.0,568.0,0.0,0.0,0.0,0.0,0.0,0.0,0.0,0.00045330915684496827,0.0013599274705349048,0.004079782411604714,0.011786038077969175,0.015412511332728921,0.053943789664551225,0.13825929283771532,0.2384406165004533,0.2787851314596555,0.257479601087942,0.0,0.0,0.0,0.0,0.0,0.0,0.0
2014,10,1.0,8.0,11.0,29.0,52.0,107.0,285.0,519.0,570.0,619.0,0.0,0.0,0.0,0.0,0.0,0.0,0.0,0.00045433893684688776,0.003634711494775102,0.004997728305315766,0.013175829168559746,0.023625624716038164,0.04861426624261699,0.12948659700136303,0.23580190822353475,0.25897319400272606,0.28123580190822356,0.0,0.0,0.0,0.0,0.0,0.0,0.0
2014,11,3.0,4.0,18.0,23.0,43.0,95.0,292.0,476.0,561.0,640.0,0.0,0.0,0.0,0.0,0.0,0.0,0.0,0.0013921113689095127,0.0018561484918793504,0.008352668213457077,0.010672853828306265,0.019953596287703015,0.04408352668213457,0.13549883990719258,0.2208816705336427,0.26032482598607887,0.29698375870069604,0.0,0.0,0.0,0.0,0.0,0.0,0.0
2014,12,0.0,11.0,19.0,39.0,36.0,103.0,297.0,474.0,576.0,750.0,0.0,0.0,0.0,0.0,0.0,0.0,0.0,0.0,0.004772234273318872,0.00824295010845987,0.016919739696312365,0.015618221258134491,0.04468546637744035,0.12885032537960955,0.20563991323210412,0.24989154013015186,0.32537960954446854,0.0,0.0,0.0,0.0,0.0,0.0,0.0
2015,1,1.0,4.0,14.0,25.0,48.0,119.0,291.0,464.0,564.0,719.0,84.0,0.0,0.0,0.0,0.0,0.0,0.0,0.0004286326618088298,0.0017145306472353193,0.006000857265323617,0.010715816545220747,0.020574367766823833,0.05100728675525075,0.12473210458636948,0.19888555507929703,0.24174882126018002,0.30818688384054865,0.03600514359194171,0.0,0.0,0.0,0.0,0.0,0.0
2015,2,0.0,4.0,12.0,25.0,39.0,91.0,259.0,387.0,520.0,635.0,169.0,0.0,0.0,0.0,0.0,0.0,0.0,0.0,0.0018682858477347033,0.005604857543204111,0.011676786548341896,0.01821578701541336,0.0425035030359645,0.12097150864082204,0.18075665576833255,0.24287716020551145,0.29659037832788415,0.07893507706679122,0.0,0.0,0.0,0.0,0.0,0.0
2015,3,0.0,7.0,19.0,34.0,39.0,109.0,297.0,476.0,521.0,608.0,262.0,0.0,0.0,0.0,0.0,0.0,0.0,0.0,0.002951096121416526,0.008010118043844857,0.01433389544688027,0.016441821247892074,0.045952782462057334,0.12521079258010118,0.20067453625632378,0.21964586846543002,0.2563237774030354,0.11045531197301856,0.0,0.0,0.0,0.0,0.0,0.0
2015,4,0.0,3.0,9.0,12.0,57.0,96.0,267.0,479.0,432.0,573.0,310.0,0.0,0.0,0.0,0.0,0.0,0.0,0.0,0.0013404825737265416,0.004021447721179625,0.005361930294906166,0.02546916890080429,0.04289544235924933,0.1193029490616622,0.21403038427167115,0.19302949061662197,0.25603217158176944,0.1385165326184093,0.0,0.0,0.0,0.0,0.0,0.0
2015,5,0.0,6.0,12.0,21.0,34.0,106.0,246.0,422.0,520.0,590.0,383.0,0.0,0.0,0.0,0.0,0.0,0.0,0.0,0.002564102564102564,0.005128205128205128,0.008974358974358974,0.01452991452991453,0.0452991452991453,0.10512820512820513,0.18034188034188034,0.2222222222222222,0.25213675213675213,0.16367521367521368,0.0,0.0,0.0,0.0,0.0,0.0
2015,6,1.0,9.0,8.0,21.0,40.0,100.0,235.0,426.0,467.0,573.0,402.0,0.0,0.0,0.0,0.0,0.0,0.0,0.00043821209465381246,0.003943908851884312,0.0035056967572304996,0.009202453987730062,0.017528483786152498,0.04382120946538125,0.10297984224364592,0.1866783523225241,0.2046450482033304,0.25109553023663456,0.1761612620508326,0.0,0.0,0.0,0.0,0.0,0.0
2015,7,0.0,4.0,15.0,24.0,42.0,78.0,278.0,428.0,436.0,565.0,467.0,0.0,0.0,0.0,0.0,0.0,0.0,0.0,0.0017115960633290544,0.006418485237483954,0.010269576379974325,0.01797175866495507,0.03337612323491656,0.11895592640136927,0.18314077877620882,0.18656397090286692,0.24176294394522893,0.1998288403936671,0.0,0.0,0.0,0.0,0.0,0.0
2015,8,0.0,4.0,7.0,22.0,34.0,87.0,208.0,404.0,457.0,557.0,504.0,0.0,0.0,0.0,0.0,0.0,0.0,0.0,0.0017513134851138354,0.003064798598949212,0.009632224168126095,0.0148861646234676,0.03809106830122592,0.09106830122591944,0.17688266199649738,0.2000875656742557,0.24387040280210157,0.22066549912434325,0.0,0.0,0.0,0.0,0.0,0.0
2015,9,0.0,8.0,10.0,20.0,33.0,81.0,223.0,398.0,416.0,480.0,505.0,0.0,0.0,0.0,0.0,0.0,0.0,0.0,0.0036798528058877645,0.004599816007359705,0.00919963201471941,0.01517939282428703,0.037258509659613616,0.10257589696412144,0.18307267709291627,0.19135234590616376,0.22079116835326587,0.23229070837166513,0.0,0.0,0.0,0.0,0.0,0.0
2015,10,0.0,8.0,15.0,26.0,36.0,84.0,274.0,384.0,440.0,473.0,611.0,0.0,0.0,0.0,0.0,0.0,0.0,0.0,0.0034028073160357296,0.0063802637175669925,0.01105912377711612,0.015312632922160783,0.03572947681837516,0.11654615057422374,0.16333475116971502,0.18715440238196512,0.20119098256061252,0.2598894087622288,0.0,0.0,0.0,0.0,0.0,0.0
2015,11,0.0,1.0,11.0,21.0,41.0,77.0,223.0,405.0,433.0,473.0,614.0,0.0,0.0,0.0,0.0,0.0,0.0,0.0,0.00043497172683775554,0.004784688995215311,0.009134406263592866,0.01783384080034798,0.03349282296650718,0.09699869508481948,0.176163549369291,0.18834275772074816,0.20574162679425836,0.2670726402783819,0.0,0.0,0.0,0.0,0.0,0.0
2015,12,0.0,7.0,11.0,20.0,32.0,91.0,242.0,409.0,401.0,491.0,656.0,0.0,0.0,0.0,0.0,0.0,0.0,0.0,0.0029661016949152543,0.004661016949152543,0.00847457627118644,0.013559322033898305,0.03855932203389831,0.10254237288135593,0.1733050847457627,0.16991525423728815,0.2080508474576271,0.27796610169491526,0.0,0.0,0.0,0.0,0.0,0.0
2016,1,2.0,6.0,14.0,23.0,31.0,92.0,239.0,401.0,409.0,458.0,608.0,74.0,0.0,0.0,0.0,0.0,0.0,0.0008485362749257531,0.002545608824777259,0.005939753924480272,0.00975816716164616,0.013152312261349173,0.03903266864658464,0.10140008485362749,0.17013152312261348,0.1735256682223165,0.19431480695799747,0.25795502757742894,0.031395842172252865,0.0,0.0,0.0,0.0,0.0
2016,2,0.0,6.0,10.0,16.0,22.0,81.0,197.0,371.0,391.0,436.0,541.0,156.0,0.0,0.0,0.0,0.0,0.0,0.0,0.002694207453973956,0.00449034575662326,0.007184553210597216,0.009878760664571173,0.03637180062864841,0.08845981140547822,0.16659182757072294,0.17557251908396945,0.19577907498877414,0.24292770543331837,0.07004939380332285,0.0,0.0,0.0,0.0,0.0
2016,3,0.0,6.0,7.0,28.0,36.0,82.0,202.0,375.0,394.0,462.0,553.0,222.0,0.0,0.0,0.0,0.0,0.0,0.0,0.0025348542458808617,0.002957329953527672,0.011829319814110688,0.015209125475285171,0.034643008027038444,0.08534009294465568,0.15842839036755388,0.16645542881284325,0.19518377693282637,0.2336290663286861,0.09378960709759189,0.0,0.0,0.0,0.0,0.0
2016,4,0.0,6.0,11.0,14.0,22.0,86.0,196.0,348.0,396.0,434.0,493.0,276.0,0.0,0.0,0.0,0.0,0.0,0.0,0.0026292725679228747,0.004820333041191937,0.006134969325153374,0.009640666082383873,0.03768624014022787,0.08588957055214724,0.15249780893952672,0.17353198948290974,0.1901840490797546,0.21603856266432953,0.12094653812445223,0.0,0.0,0.0,0.0,0.0
2016,5,0.0,5.0,10.0,23.0,36.0,75.0,183.0,344.0,377.0,448.0,567.0,309.0,0.0,0.0,0.0,0.0,0.0,0.0,0.002103491796381994,0.004206983592763988,0.009676062263357174,0.015145140933950358,0.03155237694572991,0.07698779974758098,0.1447202355910812,0.15860328144720234,0.18847286495582669,0.23853596970971813,0.12999579301640724,0.0,0.0,0.0,0.0,0.0
2016,6,0.0,4.0,17.0,14.0,35.0,68.0,205.0,330.0,308.0,387.0,474.0,369.0,0.0,0.0,0.0,0.0,0.0,0.0,0.0018091361374943465,0.007688828584350972,0.006331976481230212,0.015829941203075532,0.03075531433740389,0.09271822704658525,0.14925373134328357,0.13930348258706468,0.17503392130257803,0.21438263229308005,0.16689280868385345,0.0,0.0,0.0,0.0,0.0
2016,7,1.0,2.0,10.0,21.0,34.0,57.0,186.0,365.0,385.0,365.0,512.0,438.0,0.0,0.0,0.0,0.0,0.0,0.00042087542087542086,0.0008417508417508417,0.004208754208754209,0.008838383838383838,0.01430976430976431,0.023989898989898988,0.07828282828282829,0.15361952861952863,0.16203703703703703,0.15361952861952863,0.21548821548821548,0.18434343434343434,0.0,0.0,0.0,0.0,0.0
2016,8,1.0,2.0,10.0,18.0,29.0,73.0,178.0,323.0,364.0,388.0,492.0,489.0,0.0,0.0,0.0,0.0,0.0,0.0004224757076468103,0.0008449514152936206,0.004224757076468103,0.0076045627376425855,0.0122517955217575,0.030840726658217153,0.07520067596113224,0.13645965356991974,0.15378115758343897,0.1639205745669624,0.20785804816223066,0.20659062103929024,0.0,0.0,0.0,0.0,0.0
2016,9,0.0,4.0,12.0,15.0,29.0,63.0,192.0,313.0,328.0,385.0,443.0,486.0,0.0,0.0,0.0,0.0,0.0,0.0,0.001762114537444934,0.0052863436123348016,0.006607929515418502,0.01277533039647577,0.027753303964757708,0.08458149779735682,0.1378854625550661,0.1444933920704846,0.1696035242290749,0.19515418502202644,0.21409691629955946,0.0,0.0,0.0,0.0,0.0
2016,10,0.0,7.0,11.0,11.0,28.0,74.0,199.0,331.0,331.0,369.0,487.0,588.0,0.0,0.0,0.0,0.0,0.0,0.0,0.0028735632183908046,0.00451559934318555,0.00451559934318555,0.011494252873563218,0.030377668308702793,0.08169129720853859,0.1358784893267652,0.1358784893267652,0.15147783251231528,0.19991789819376027,0.2413793103448276,0.0,0.0,0.0,0.0,0.0
2016,11,1.0,4.0,10.0,21.0,37.0,70.0,163.0,314.0,319.0,348.0,393.0,600.0,0.0,0.0,0.0,0.0,0.0,0.0004385964912280702,0.0017543859649122807,0.0043859649122807015,0.009210526315789473,0.016228070175438595,0.03070175438596491,0.07149122807017544,0.13771929824561405,0.13991228070175438,0.15263157894736842,0.1723684210526316,0.2631578947368421,0.0,0.0,0.0,0.0,0.0
2016,12,0.0,2.0,14.0,24.0,24.0,68.0,155.0,298.0,314.0,367.0,410.0,669.0,0.0,0.0,0.0,0.0,0.0,0.0,0.0008528784648187633,0.005970149253731343,0.01023454157782516,0.01023454157782516,0.028997867803837955,0.06609808102345416,0.12707889125799574,0.13390191897654585,0.15650319829424306,0.17484008528784648,0.28528784648187633,0.0,0.0,0.0,0.0,0.0
2017,1,0.0,8.0,10.0,17.0,32.0,45.0,169.0,293.0,325.0,339.0,420.0,610.0,93.0,0.0,0.0,0.0,0.0,0.0,0.0033883947479881405,0.004235493434985175,0.007200338839474798,0.013553578991952562,0.01905972045743329,0.07157983905124947,0.12409995764506565,0.1376535366370182,0.14358322744599747,0.17789072426937738,0.2583650995340957,0.03939008894536213,0.0,0.0,0.0,0.0
2017,2,0.0,7.0,9.0,16.0,21.0,41.0,153.0,266.0,267.0,328.0,341.0,547.0,141.0,0.0,0.0,0.0,0.0,0.0,0.003275620028076743,0.004211511464670099,0.007487131492746842,0.009826860084230228,0.01918577445016378,0.07159569489939167,0.12447356106691623,0.12494150678521292,0.15348619560131024,0.15956948993916706,0.2559663079082826,0.06598034627983154,0.0,0.0,0.0,0.0
2017,3,0.0,2.0,7.0,12.0,25.0,51.0,139.0,288.0,324.0,360.0,364.0,591.0,225.0,0.0,0.0,0.0,0.0,0.0,0.0008375209380234506,0.002931323283082077,0.005025125628140704,0.010469011725293133,0.02135678391959799,0.05820770519262981,0.12060301507537688,0.135678391959799,0.1507537688442211,0.152428810720268,0.24748743718592964,0.0942211055276382,0.0,0.0,0.0,0.0
2017,4,0.0,2.0,1.0,12.0,23.0,62.0,144.0,278.0,298.0,340.0,339.0,508.0,221.0,0.0,0.0,0.0,0.0,0.0,0.0008976660682226212,0.0004488330341113106,0.005385996409335727,0.010323159784560144,0.027827648114901255,0.06463195691202872,0.12477558348294435,0.13375224416517056,0.1526032315978456,0.15215439856373428,0.22800718132854578,0.09919210053859964,0.0,0.0,0.0,0.0
2017,5,0.0,6.0,8.0,19.0,25.0,53.0,120.0,295.0,282.0,314.0,377.0,538.0,318.0,0.0,0.0,0.0,0.0,0.0,0.0025477707006369425,0.003397027600849257,0.008067940552016985,0.010615711252653927,0.022505307855626325,0.050955414012738856,0.12526539278131635,0.1197452229299363,0.13333333333333333,0.16008492569002122,0.22845010615711253,0.13503184713375796,0.0,0.0,0.0,0.0
2017,6,0.0,5.0,7.0,15.0,30.0,66.0,142.0,243.0,261.0,319.0,342.0,475.0,396.0,0.0,0.0,0.0,0.0,0.0,0.0021729682746631897,0.003042155584528466,0.00651890482398957,0.01303780964797914,0.028683181225554105,0.061712299000434595,0.10560625814863103,0.11342894393741851,0.13863537592351152,0.14863102998696218,0.20643198609300303,0.17209908735332463,0.0,0.0,0.0,0.0
2017,7,0.0,4.0,7.0,22.0,21.0,60.0,131.0,249.0,272.0,302.0,351.0,513.0,437.0,0.0,0.0,0.0,0.0,0.0,0.0016884761502743773,0.0029548332629801602,0.009286618826509076,0.008864499788940482,0.02532714225411566,0.05529759392148586,0.10510764035457999,0.11481637821865766,0.1274799493457155,0.1481637821865766,0.2165470662726889,0.18446601941747573,0.0,0.0,0.0,0.0
2017,8,0.0,3.0,9.0,14.0,24.0,52.0,148.0,291.0,285.0,292.0,339.0,472.0,491.0,0.0,0.0,0.0,0.0,0.0,0.0012396694214876034,0.00371900826446281,0.005785123966942148,0.009917355371900827,0.021487603305785124,0.06115702479338843,0.12024793388429753,0.11776859504132231,0.1206611570247934,0.14008264462809916,0.19504132231404958,0.20289256198347108,0.0,0.0,0.0,0.0
2017,9,1.0,2.0,6.0,18.0,35.0,53.0,139.0,256.0,247.0,284.0,336.0,462.0,505.0,0.0,0.0,0.0,0.0,0.0004266211604095563,0.0008532423208191126,0.002559726962457338,0.007679180887372013,0.014931740614334471,0.022610921501706484,0.05930034129692833,0.10921501706484642,0.10537542662116041,0.12116040955631399,0.14334470989761092,0.197098976109215,0.21544368600682595,0.0,0.0,0.0,0.0
2017,10,1.0,5.0,9.0,17.0,22.0,56.0,146.0,252.0,265.0,316.0,365.0,440.0,571.0,0.0,0.0,0.0,0.0,0.00040567951318458417,0.002028397565922921,0.0036511156186612576,0.006896551724137931,0.008924949290060852,0.022718052738336714,0.05922920892494929,0.10223123732251521,0.1075050709939148,0.1281947261663286,0.14807302231237324,0.17849898580121704,0.23164300202839758,0.0,0.0,0.0,0.0
2017,11,3.0,1.0,11.0,13.0,21.0,51.0,129.0,276.0,256.0,298.0,344.0,397.0,609.0,0.0,0.0,0.0,0.0,0.0012453300124533001,0.00041511000415110004,0.0045662100456621,0.005396430053964301,0.008717310087173101,0.021170610211706103,0.053549190535491904,0.11457036114570361,0.10626816106268161,0.12370278123702781,0.1427978414279784,0.16479867164798673,0.25280199252801994,0.0,0.0,0.0,0.0
2017,12,1.0,4.0,4.0,16.0,22.0,57.0,137.0,265.0,266.0,274.0,305.0,473.0,672.0,0.0,0.0,0.0,0.0,0.00040064102564102563,0.0016025641025641025,0.0016025641025641025,0.00641025641025641,0.008814102564102564,0.02283653846153846,0.05488782051282051,0.10616987179487179,0.10657051282051282,0.10977564102564102,0.12219551282051282,0.18950320512820512,0.2692307692307692,0.0,0.0,0.0,0.0
2018,1,0.0,6.0,10.0,10.0,23.0,48.0,150.0,244.0,253.0,255.0,320.0,407.0,594.0,90.0,0.0,0.0,0.0,0.0,0.0024896265560165973,0.004149377593360996,0.004149377593360996,0.009543568464730291,0.01991701244813278,0.06224066390041494,0.1012448132780083,0.1049792531120332,0.10580912863070539,0.13278008298755187,0.16887966804979254,0.24647302904564317,0.03734439834024896,0.0,0.0,0.0
2018,2,0.0,4.0,6.0,9.0,15.0,43.0,143.0,244.0,208.0,233.0,280.0,371.0,494.0,165.0,0.0,0.0,0.0,0.0,0.0018058690744920992,0.002708803611738149,0.004063205417607223,0.006772009029345372,0.019413092550790066,0.06455981941309255,0.11015801354401805,0.09390519187358916,0.10519187358916479,0.12641083521444696,0.16749435665914222,0.22302483069977427,0.0744920993227991,0.0,0.0,0.0
2018,3,0.0,4.0,1.0,11.0,23.0,49.0,128.0,226.0,252.0,273.0,291.0,370.0,543.0,228.0,0.0,0.0,0.0,0.0,0.0016673614005835765,0.00041684035014589413,0.004585243851604835,0.009587328053355566,0.02042517715714881,0.05335556481867445,0.09420591913297208,0.10504376823676533,0.1137974155898291,0.12130054189245519,0.15423092955398082,0.22634431012922052,0.09503959983326386,0.0,0.0,0.0
2018,4,1.0,5.0,9.0,10.0,14.0,40.0,147.0,222.0,216.0,255.0,288.0,375.0,496.0,259.0,0.0,0.0,0.0,0.0004278990158322636,0.002139495079161318,0.0038510911424903724,0.004278990158322636,0.00599058622165169,0.017115960633290545,0.06290115532734275,0.09499358151476252,0.09242618741976893,0.10911424903722722,0.12323491655969192,0.16046213093709885,0.21223791185280275,0.11082584510055626,0.0,0.0,0.0
2018,5,2.0,3.0,6.0,14.0,17.0,52.0,110.0,222.0,239.0,275.0,273.0,396.0,478.0,325.0,0.0,0.0,0.0,0.0008291873963515755,0.0012437810945273632,0.0024875621890547263,0.005804311774461028,0.007048092868988391,0.02155887230514096,0.04560530679933665,0.09203980099502487,0.09908789386401327,0.11401326699834162,0.11318407960199005,0.16417910447761194,0.19817578772802655,0.134742951907131,0.0,0.0,0.0
2018,6,0.0,5.0,13.0,12.0,16.0,40.0,98.0,194.0,211.0,268.0,250.0,365.0,449.0,401.0,0.0,0.0,0.0,0.0,0.002153316106804479,0.005598621877691645,0.00516795865633075,0.0068906115417743325,0.017226528854435832,0.04220499569336779,0.08354866494401378,0.090869939707149,0.11541774332472007,0.10766580534022395,0.15719207579672695,0.1933677863910422,0.1726959517657192,0.0,0.0,0.0
2018,7,0.0,4.0,10.0,17.0,14.0,40.0,96.0,226.0,214.0,232.0,245.0,373.0,482.0,460.0,0.0,0.0,0.0,0.0,0.0016576875259013675,0.004144218814753419,0.007045171985080812,0.005801906340654786,0.016576875259013676,0.03978450062163282,0.09365934521342727,0.08868628263572316,0.09614587650227932,0.10153336096145876,0.15457936179030252,0.1997513468711148,0.19063406547865727,0.0,0.0,0.0
2018,8,0.0,4.0,5.0,14.0,15.0,46.0,116.0,216.0,197.0,222.0,229.0,359.0,482.0,531.0,0.0,0.0,0.0,0.0,0.0016420361247947454,0.002052545155993432,0.005747126436781609,0.006157635467980296,0.018883415435139574,0.047619047619047616,0.08866995073891626,0.08087027914614121,0.09113300492610837,0.09400656814449918,0.1473727422003284,0.19786535303776684,0.21798029556650247,0.0,0.0,0.0
2018,9,0.0,2.0,4.0,11.0,15.0,45.0,105.0,222.0,202.0,234.0,228.0,342.0,424.0,511.0,0.0,0.0,0.0,0.0,0.0008528784648187633,0.0017057569296375266,0.004690831556503198,0.006396588486140725,0.019189765458422176,0.04477611940298507,0.09466950959488273,0.0861407249466951,0.0997867803837953,0.09722814498933902,0.14584221748400852,0.18081023454157782,0.21791044776119403,0.0,0.0,0.0
2018,10,0.0,5.0,4.0,15.0,17.0,49.0,112.0,211.0,213.0,228.0,225.0,307.0,452.0,585.0,0.0,0.0,0.0,0.0,0.0020635575732562937,0.0016508460586050352,0.006190672719768881,0.0070160957490713995,0.02022286421791168,0.04622368964094098,0.0870821295914156,0.08790755262071812,0.094098225340487,0.09286009079653322,0.12670243499793643,0.18654560462236897,0.24143623607098638,0.0,0.0,0.0
2018,11,1.0,0.0,5.0,7.0,17.0,34.0,98.0,195.0,206.0,195.0,222.0,313.0,396.0,669.0,0.0,0.0,0.0,0.00042408821034775233,0.0,0.0021204410517387615,0.0029686174724342664,0.00720949957591179,0.01441899915182358,0.041560644614079725,0.08269720101781171,0.08736217133163698,0.08269720101781171,0.09414758269720101,0.13273960983884647,0.16793893129770993,0.2837150127226463,0.0,0.0,0.0
2018,12,0.0,3.0,4.0,12.0,15.0,43.0,90.0,178.0,176.0,204.0,220.0,267.0,432.0,688.0,0.0,0.0,0.0,0.0,0.001286449399656947,0.0017152658662092624,0.005145797598627788,0.006432246998284734,0.01843910806174957,0.038593481989708404,0.07632933104631218,0.07547169811320754,0.08747855917667238,0.09433962264150944,0.11449399656946826,0.18524871355060035,0.2950257289879931,0.0,0.0,0.0
2019,1,0.0,2.0,2.0,9.0,9.0,32.0,100.0,196.0,148.0,191.0,223.0,289.0,383.0,653.0,82.0,0.0,0.0,0.0,0.0008624407072013799,0.0008624407072013799,0.0038809831824062097,0.0038809831824062097,0.013799051315222079,0.043122035360069,0.08451918930573524,0.06382061233290211,0.08236308753773178,0.09616213885295385,0.1246226821905994,0.16515739542906424,0.28158689090125055,0.03536006899525657,0.0,0.0
2019,2,0.0,2.0,2.0,11.0,17.0,31.0,91.0,186.0,137.0,185.0,209.0,265.0,331.0,610.0,192.0,0.0,0.0,0.0,0.0008814455707360071,0.0008814455707360071,0.004847950639048039,0.00749228735125606,0.013662406346408109,0.04010577346848832,0.08197443807844866,0.060379021595416485,0.08153371529308065,0.09211106214191274,0.11679153812252094,0.14587924195680918,0.26884089907448216,0.08461877479065667,0.0,0.0
2019,3,0.0,2.0,8.0,12.0,21.0,30.0,78.0,193.0,183.0,183.0,207.0,267.0,335.0,683.0,301.0,0.0,0.0,0.0,0.0007990411506192569,0.0031961646024770275,0.004794246903715541,0.008389932081502197,0.011985617259288853,0.03116260487415102,0.07710747103475829,0.07311226528166201,0.07311226528166201,0.08270075908909309,0.1066719936076708,0.13383939272872553,0.2728725529364762,0.12025569316819816,0.0,0.0
2019,4,2.0,4.0,5.0,9.0,6.0,31.0,74.0,163.0,162.0,174.0,225.0,278.0,344.0,582.0,333.0,0.0,0.0,0.0008361204013377926,0.0016722408026755853,0.0020903010033444815,0.003762541806020067,0.002508361204013378,0.012959866220735786,0.030936454849498328,0.0681438127090301,0.0677257525083612,0.07274247491638795,0.09406354515050168,0.11622073578595318,0.14381270903010032,0.24331103678929766,0.13921404682274247,0.0,0.0
2019,5,0.0,2.0,4.0,11.0,14.0,26.0,74.0,156.0,144.0,161.0,157.0,214.0,266.0,468.0,333.0,0.0,0.0,0.0,0.0009852216748768472,0.0019704433497536944,0.00541871921182266,0.006896551724137931,0.012807881773399015,0.03645320197044335,0.07684729064039408,0.07093596059113301,0.07931034482758621,0.07733990147783251,0.10541871921182266,0.1310344827586207,0.23054187192118228,0.16403940886699508,0.0,0.0
2019,6,0.0,8.0,5.0,4.0,13.0,34.0,74.0,170.0,158.0,147.0,146.0,256.0,304.0,489.0,467.0,0.0,0.0,0.0,0.0035164835164835165,0.002197802197802198,0.0017582417582417582,0.005714285714285714,0.014945054945054945,0.032527472527472526,0.07472527472527472,0.06945054945054945,0.06461538461538462,0.06417582417582418,0.11252747252747253,0.13362637362637364,0.21494505494505495,0.20527472527472526,0.0,0.0
2019,7,0.0,4.0,9.0,9.0,7.0,31.0,61.0,229.0,142.0,156.0,149.0,216.0,302.0,494.0,527.0,0.0,0.0,0.0,0.0017123287671232876,0.003852739726027397,0.003852739726027397,0.0029965753424657533,0.013270547945205479,0.026113013698630137,0.09803082191780822,0.06078767123287671,0.06678082191780822,0.06378424657534247,0.09246575342465753,0.1292808219178082,0.21147260273972604,0.22559931506849315,0.0,0.0
2019,8,0.0,2.0,3.0,7.0,10.0,27.0,75.0,194.0,161.0,157.0,167.0,227.0,322.0,498.0,609.0,0.0,0.0,0.0,0.0008133387555917039,0.0012200081333875558,0.0028466856445709637,0.004066693777958519,0.010980073200488003,0.030500203334688898,0.07889385929239529,0.06547376982513217,0.06384709231394876,0.06791378609190728,0.0923139487596584,0.13094753965026434,0.20252135014233427,0.24766165107767385,0.0,0.0
2019,9,0.0,1.0,5.0,5.0,5.0,36.0,71.0,195.0,113.0,142.0,175.0,200.0,280.0,422.0,545.0,0.0,0.0,0.0,0.00045558086560364467,0.002277904328018223,0.002277904328018223,0.002277904328018223,0.01640091116173121,0.03234624145785877,0.0888382687927107,0.05148063781321185,0.06469248291571754,0.07972665148063782,0.09111617312072894,0.1275626423690205,0.19225512528473804,0.24829157175398633,0.0,0.0
2019,10,0.0,1.0,3.0,5.0,11.0,28.0,78.0,168.0,146.0,145.0,172.0,251.0,269.0,443.0,626.0,0.0,0.0,0.0,0.00042625745950554135,0.0012787723785166241,0.002131287297527707,0.004688832054560955,0.011935208866155157,0.03324808184143223,0.07161125319693094,0.06223358908780904,0.06180733162830349,0.0733162830349531,0.10699062233589088,0.11466325660699062,0.1888320545609548,0.2668371696504689,0.0,0.0
2019,11,0.0,1.0,2.0,7.0,15.0,23.0,74.0,214.0,137.0,133.0,161.0,198.0,243.0,441.0,673.0,0.0,0.0,0.0,0.0004306632213608958,0.0008613264427217916,0.0030146425495262705,0.006459948320413436,0.009905254091300603,0.03186907838070629,0.0921619293712317,0.05900086132644272,0.05727820844099914,0.06933677863910422,0.08527131782945736,0.10465116279069768,0.18992248062015504,0.28983634797588287,0.0,0.0
2019,12,1.0,4.0,2.0,7.0,11.0,22.0,63.0,193.0,134.0,134.0,180.0,208.0,270.0,423.0,786.0,0.0,0.0,0.00041017227235438887,0.0016406890894175555,0.0008203445447087777,0.002871205906480722,0.004511894995898278,0.009023789991796555,0.025840853158326498,0.07916324856439705,0.054963084495488104,0.054963084495488104,0.07383100902378999,0.08531583264971287,0.11074651353568499,0.1735028712059065,0.3223954060705496,0.0,0.0
2020,1,0.0,3.0,6.0,3.0,13.0,34.0,77.0,191.0,118.0,126.0,156.0,232.0,288.0,394.0,677.0,68.0,0.0,0.0,0.0012573344509639564,0.002514668901927913,0.0012573344509639564,0.005448449287510477,0.014249790444258172,0.03227158424140821,0.08005029337803855,0.04945515507124895,0.05280804694048617,0.06538139145012574,0.0972338642078793,0.12070410729253982,0.16512992455993294,0.2837384744341995,0.028499580888516344,0.0
2020,2,1.0,3.0,4.0,7.0,10.0,20.0,63.0,197.0,103.0,120.0,140.0,206.0,253.0,389.0,674.0,178.0,0.0,0.0004222972972972973,0.001266891891891892,0.0016891891891891893,0.0029560810810810812,0.004222972972972973,0.008445945945945946,0.02660472972972973,0.08319256756756757,0.04349662162162162,0.05067567567567568,0.05912162162162162,0.08699324324324324,0.10684121621621621,0.16427364864864866,0.2846283783783784,0.07516891891891891,0.0
2020,3,0.0,3.0,7.0,9.0,15.0,38.0,71.0,219.0,134.0,121.0,132.0,221.0,265.0,419.0,630.0,262.0,0.0,0.0,0.001178318931657502,0.0027494108405341712,0.003534956794972506,0.00589159465828751,0.014925373134328358,0.02788688138256088,0.08601728201099765,0.05263157894736842,0.04752553024351924,0.051846032992930086,0.08680282796543598,0.10408483896307934,0.1645718774548311,0.2474469756480754,0.10290652003142184,0.0
2020,4,0.0,2.0,3.0,3.0,9.0,30.0,75.0,197.0,107.0,129.0,167.0,210.0,235.0,360.0,635.0,328.0,0.0,0.0,0.0008032128514056225,0.0012048192771084338,0.0012048192771084338,0.0036144578313253013,0.012048192771084338,0.030120481927710843,0.07911646586345382,0.0429718875502008,0.051807228915662654,0.06706827309236948,0.08433734939759036,0.09437751004016064,0.14457831325301204,0.25502008032128515,0.13172690763052208,0.0
2020,5,0.0,3.0,5.0,7.0,11.0,28.0,68.0,206.0,119.0,118.0,125.0,197.0,242.0,424.0,640.0,392.0,0.0,0.0,0.0011605415860735009,0.0019342359767891683,0.0027079303675048355,0.00425531914893617,0.010831721470019342,0.02630560928433269,0.07969052224371373,0.046034816247582204,0.045647969052224374,0.048355899419729204,0.07620889748549323,0.09361702127659574,0.16402321083172147,0.24758220502901354,0.15164410058027078,0.0
2020,6,0.0,1.0,3.0,5.0,13.0,19.0,50.0,239.0,109.0,105.0,135.0,180.0,227.0,344.0,554.0,475.0,0.0,0.0,0.00040666937779585197,0.0012200081333875558,0.0020333468889792597,0.005286701911346075,0.0077267181781211875,0.020333468889792598,0.09719398129320862,0.04432696217974787,0.04270028466856446,0.05490036600244002,0.07320048800325335,0.0923139487596584,0.13989426596177307,0.22529483529890199,0.1931679544530297,0.0
2020,7,1.0,1.0,2.0,3.0,9.0,30.0,53.0,212.0,94.0,123.0,125.0,162.0,233.0,345.0,610.0,566.0,0.0,0.00038925652004671076,0.00038925652004671076,0.0007785130400934215,0.0011677695601401323,0.0035033086804203972,0.011677695601401323,0.020630595562475672,0.08252238224990269,0.03659011288439081,0.047878551965745426,0.04865706500583885,0.06305955624756715,0.09069676917088361,0.1342934994161152,0.23744647722849357,0.2203191903464383,0.0
2020,8,0.0,1.0,3.0,6.0,10.0,28.0,59.0,231.0,103.0,131.0,143.0,178.0,225.0,332.0,534.0,604.0,0.0,0.0,0.0003863987635239567,0.00115919629057187,0.00231839258114374,0.0038639876352395673,0.010819165378670788,0.022797527047913446,0.089258114374034,0.039799072642967545,0.05061823802163833,0.05525502318392581,0.0687789799072643,0.08693972179289026,0.12828438948995363,0.2063369397217929,0.23338485316846985,0.0
2020,9,0.0,3.0,3.0,7.0,12.0,32.0,78.0,236.0,88.0,110.0,123.0,169.0,208.0,313.0,477.0,619.0,0.0,0.0,0.0012106537530266344,0.0012106537530266344,0.002824858757062147,0.004842615012106538,0.0129136400322841,0.031476997578692496,0.09523809523809523,0.03551251008878128,0.04439063761097659,0.04963680387409201,0.06820016142050041,0.08393866020984665,0.12631154156577887,0.19249394673123488,0.24979822437449556,0.0
2020,10,0.0,1.0,3.0,7.0,9.0,28.0,52.0,218.0,116.0,110.0,140.0,182.0,199.0,296.0,464.0,710.0,0.0,0.0,0.0003944773175542406,0.001183431952662722,0.0027613412228796844,0.0035502958579881655,0.011045364891518738,0.020512820512820513,0.08599605522682446,0.04575936883629191,0.04339250493096647,0.055226824457593686,0.07179487179487179,0.07850098619329389,0.11676528599605522,0.18303747534516765,0.28007889546351084,0.0
2020,11,0.0,1.0,3.0,6.0,10.0,16.0,59.0,342.0,113.0,113.0,123.0,159.0,204.0,249.0,418.0,684.0,0.0,0.0,0.0004,0.0012,0.0024,0.004,0.0064,0.0236,0.1368,0.0452,0.0452,0.0492,0.0636,0.0816,0.0996,0.1672,0.2736,0.0
2020,12,0.0,4.0,2.0,10.0,8.0,31.0,64.0,312.0,100.0,126.0,149.0,164.0,200.0,282.0,449.0,809.0,0.0,0.0,0.0014760147601476014,0.0007380073800738007,0.0036900369003690036,0.002952029520295203,0.011439114391143911,0.023616236162361623,0.11512915129151291,0.03690036900369004,0.04649446494464945,0.05498154981549815,0.06051660516605166,0.07380073800738007,0.10405904059040591,0.16568265682656827,0.2985239852398524,0.0
2021,1,0.0,0.0,3.0,2.0,8.0,20.0,43.0,256.0,95.0,115.0,124.0,152.0,145.0,242.0,423.0,709.0,89.0,0.0,0.0,0.001236603462489695,0.0008244023083264633,0.0032976092333058533,0.008244023083264633,0.01772464962901896,0.1055234954657873,0.039159109645507006,0.04740313272877164,0.051112943116240726,0.06265457543281121,0.05976916735366859,0.09975267930750206,0.17436108821104698,0.29225061830173127,0.036685902720527616
2021,2,0.0,2.0,4.0,2.0,9.0,13.0,37.0,135.0,88.0,91.0,94.0,112.0,143.0,202.0,335.0,589.0,192.0,0.0,0.0009765625,0.001953125,0.0009765625,0.00439453125,0.00634765625,0.01806640625,0.06591796875,0.04296875,0.04443359375,0.0458984375,0.0546875,0.06982421875,0.0986328125,0.16357421875,0.28759765625,0.09375
2021,3,0.0,0.0,3.0,6.0,8.0,15.0,33.0,104.0,55.0,74.0,98.0,101.0,138.0,175.0,280.0,423.0,202.0,0.0,0.0,0.001749271137026239,0.003498542274052478,0.004664723032069971,0.008746355685131196,0.01924198250728863,0.060641399416909623,0.03206997084548105,0.04314868804664723,0.05714285714285714,0.05889212827988338,0.080466472303207,0.10204081632653061,0.16326530612244897,0.2466472303206997,0.11778425655976676
2021,4,0.0,2.0,1.0,4.0,9.0,19.0,42.0,149.0,76.0,103.0,102.0,133.0,140.0,236.0,340.0,598.0,313.0,0.0,0.000882223202470225,0.0004411116012351125,0.00176444640494045,0.003970004411116012,0.008381120423467137,0.018526687251874726,0.06572562858403176,0.03352448169386855,0.04543449492721659,0.044993383325981476,0.05866784296426996,0.061755624172915746,0.10410233789148654,0.14997794441993825,0.26378473753859727,0.13806793118659022
2021,5,0.0,1.0,2.0,8.0,6.0,25.0,53.0,159.0,102.0,125.0,119.0,149.0,175.0,257.0,398.0,648.0,484.0,0.0,0.00036886757654002215,0.0007377351530800443,0.002950940612320177,0.0022132054592401327,0.009221689413500553,0.019549981556621174,0.05864994466986352,0.03762449280708226,0.046108447067502764,0.043895241608262636,0.0549612689044633,0.06455182589450387,0.09479896717078569,0.1468092954629288,0.23902618959793434,0.17853190704537072
2021,6,0.0,0.0,0.0,0.0,0.0,0.0,0.0,0.0,1.0,0.0,1.0,0.0,0.0,0.0,0.0,0.0,0.0,0.0,0.0,0.0,0.0,0.0,0.0,0.0,0.0,0.5,0.0,0.5,0.0,0.0,0.0,0.0,0.0,0.0
